<qgis_style version="1">
  <!--geologic symbols for QGis-->
<symbols>
    <symbol alpha="1" clip_to_extent="1" force_rhr="0" name="fgdc-31.021" tags="fgdc,geology" type="marker">
      <layer class="SimpleMarker" enabled="1" locked="0" pass="0">
        <prop k="angle" v="0" />
      <prop k="color" v="0,0,0,255" />
      <prop k="horizontal_anchor_point" v="1" />
      <prop k="joinstyle" v="bevel" />
      <prop k="name" v="circle" />
      <prop k="offset" v="0,0" />
      <prop k="offset_map_unit_scale" v="3x:0,0,0,0,0,0" />
      <prop k="offset_unit" v="MM" />
      <prop k="outline_color" v="0,0,0,255" />
      <prop k="outline_style" v="solid" />
      <prop k="outline_width" v="0.4" />
      <prop k="outline_width_map_unit_scale" v="3x:0,0,0,0,0,0" />
      <prop k="outline_width_unit" v="MM" />
      <prop k="scale_method" v="diameter" />
      <prop k="size" v="1.25" />
      <prop k="size_map_unit_scale" v="3x:0,0,0,0,0,0" />
      <prop k="size_unit" v="MM" />
      <prop k="vertical_anchor_point" v="1" />
      <data_defined_properties>
          <Option type="Map">
            <Option name="name" type="QString" value="" />
          <Option name="properties" />
          <Option name="type" type="QString" value="collection" />
          </Option>
        </data_defined_properties>
      </layer>
    </symbol>
  <symbol alpha="1" clip_to_extent="1" force_rhr="0" name="25.006: Fault, planetary, sense of offset unspecified - Location approximate" tags="fgdc,geology" type="line">
      <layer class="SimpleLine" enabled="1" locked="0" pass="0">
        <prop k="capstyle" v="square" />
      <prop k="customdash" v="3.5;0.75" />
      <prop k="customdash_map_unit_scale" v="3x:0,0,0,0,0,0" />
      <prop k="customdash_unit" v="MM" />
      <prop k="draw_inside_polygon" v="0" />
      <prop k="joinstyle" v="bevel" />
      <prop k="line_color" v="0,0,0,255" />
      <prop k="line_style" v="dash" />
      <prop k="line_width" v="0.375" />
      <prop k="line_width_unit" v="MM" />
      <prop k="offset" v="0" />
      <prop k="offset_map_unit_scale" v="3x:0,0,0,0,0,0" />
      <prop k="offset_unit" v="MM" />
      <prop k="ring_filter" v="0" />
      <prop k="use_custom_dash" v="1" />
      <prop k="width_map_unit_scale" v="3x:0,0,0,0,0,0" />
      <data_defined_properties>
          <Option type="Map">
            <Option name="name" type="QString" value="" />
          <Option name="properties" />
          <Option name="type" type="QString" value="collection" />
          </Option>
        </data_defined_properties>
      </layer>
    </symbol>
  <symbol alpha="1" clip_to_extent="1" force_rhr="0" name="fgdc-30.1.003" tags="fgdc,geology" type="line">
      <layer class="SimpleLine" enabled="1" locked="0" pass="0">
        <prop k="capstyle" v="square" />
      <prop k="customdash" v="5;2" />
      <prop k="customdash_map_unit_scale" v="3x:0,0,0,0,0,0" />
      <prop k="customdash_unit" v="MM" />
      <prop k="draw_inside_polygon" v="0" />
      <prop k="joinstyle" v="bevel" />
      <prop k="line_color" v="168,74,9,255" />
      <prop k="line_style" v="solid" />
      <prop k="line_width" v="0.15" />
      <prop k="line_width_unit" v="MM" />
      <prop k="offset" v="0" />
      <prop k="offset_map_unit_scale" v="3x:0,0,0,0,0,0" />
      <prop k="offset_unit" v="MM" />
      <prop k="ring_filter" v="0" />
      <prop k="use_custom_dash" v="0" />
      <prop k="width_map_unit_scale" v="3x:0,0,0,0,0,0" />
      <data_defined_properties>
          <Option type="Map">
            <Option name="name" type="QString" value="" />
          <Option name="properties" />
          <Option name="type" type="QString" value="collection" />
          </Option>
        </data_defined_properties>
      </layer>
    </symbol>
  <symbol alpha="1" clip_to_extent="1" force_rhr="0" name="fgdc-25.119" tags="fgdc,geology" type="fill">
      <layer class="SVGFill" enabled="1" locked="0" pass="0">
        <prop k="angle" v="0" />
      <prop k="color" v="0,0,255,255" />
      <prop k="outline_color" v="35,35,35,255" />
      <prop k="outline_width" v="0.26" />
      <prop k="outline_width_map_unit_scale" v="3x:0,0,0,0,0,0" />
      <prop k="outline_width_unit" v="MM" />
      <prop k="pattern_width_map_unit_scale" v="3x:0,0,0,0,0,0" />
      <prop k="pattern_width_unit" v="MM" />
      <prop k="svgFile" v="patterns/fgdc/fgdc-25.119.svg" />
      <prop k="svg_outline_width_map_unit_scale" v="3x:0,0,0,0,0,0" />
      <prop k="svg_outline_width_unit" v="MM" />
      <prop k="width" v="20" />
      <data_defined_properties>
          <Option type="Map">
            <Option name="name" type="QString" value="" />
          <Option name="properties" />
          <Option name="type" type="QString" value="collection" />
          </Option>
        </data_defined_properties>
      <symbol alpha="1" clip_to_extent="1" force_rhr="0" name="@fgdc-25.119@0" type="line">
          <layer class="SimpleLine" enabled="1" locked="0" pass="0">
            <prop k="capstyle" v="square" />
          <prop k="customdash" v="5;2" />
          <prop k="customdash_map_unit_scale" v="3x:0,0,0,0,0,0" />
          <prop k="customdash_unit" v="MM" />
          <prop k="draw_inside_polygon" v="0" />
          <prop k="joinstyle" v="bevel" />
          <prop k="line_color" v="35,35,35,255" />
          <prop k="line_style" v="solid" />
          <prop k="line_width" v="0.26" />
          <prop k="line_width_unit" v="MM" />
          <prop k="offset" v="0" />
          <prop k="offset_map_unit_scale" v="3x:0,0,0,0,0,0" />
          <prop k="offset_unit" v="MM" />
          <prop k="ring_filter" v="0" />
          <prop k="use_custom_dash" v="0" />
          <prop k="width_map_unit_scale" v="3x:0,0,0,0,0,0" />
          <data_defined_properties>
              <Option type="Map">
                <Option name="name" type="QString" value="" />
              <Option name="properties" />
              <Option name="type" type="QString" value="collection" />
              </Option>
            </data_defined_properties>
          </layer>
        </symbol>
      </layer>
    </symbol>
  <symbol alpha="1" clip_to_extent="1" force_rhr="0" name="25.003: Contact, planetary - Location inferred" tags="fgdc,geology" type="line">
      <layer class="SimpleLine" enabled="1" locked="0" pass="0">
        <prop k="capstyle" v="square" />
      <prop k="customdash" v="1.5;0.75" />
      <prop k="customdash_map_unit_scale" v="3x:0,0,0,0,0,0" />
      <prop k="customdash_unit" v="MM" />
      <prop k="draw_inside_polygon" v="0" />
      <prop k="joinstyle" v="bevel" />
      <prop k="line_color" v="0,0,0,255" />
      <prop k="line_style" v="dash" />
      <prop k="line_width" v="0.15" />
      <prop k="line_width_unit" v="MM" />
      <prop k="offset" v="0" />
      <prop k="offset_map_unit_scale" v="3x:0,0,0,0,0,0" />
      <prop k="offset_unit" v="MM" />
      <prop k="ring_filter" v="0" />
      <prop k="use_custom_dash" v="1" />
      <prop k="width_map_unit_scale" v="3x:0,0,0,0,0,0" />
      <data_defined_properties>
          <Option type="Map">
            <Option name="name" type="QString" value="" />
          <Option name="properties" />
          <Option name="type" type="QString" value="collection" />
          </Option>
        </data_defined_properties>
      </layer>
    </symbol>
  <symbol alpha="1" clip_to_extent="1" favorite="1" force_rhr="0" name="fgdc-25.84" tags="fgdc,geology" type="line">
      <layer class="SimpleLine" enabled="1" locked="0" pass="0">
        <prop k="capstyle" v="square" />
      <prop k="customdash" v="5;2" />
      <prop k="customdash_map_unit_scale" v="3x:0,0,0,0,0,0" />
      <prop k="customdash_unit" v="MM" />
      <prop k="draw_inside_polygon" v="0" />
      <prop k="joinstyle" v="bevel" />
      <prop k="line_color" v="35,35,35,255" />
      <prop k="line_style" v="solid" />
      <prop k="line_width" v="0.26" />
      <prop k="line_width_unit" v="MM" />
      <prop k="offset" v="0" />
      <prop k="offset_map_unit_scale" v="3x:0,0,0,0,0,0" />
      <prop k="offset_unit" v="MM" />
      <prop k="ring_filter" v="0" />
      <prop k="use_custom_dash" v="0" />
      <prop k="width_map_unit_scale" v="3x:0,0,0,0,0,0" />
      <data_defined_properties>
          <Option type="Map">
            <Option name="name" type="QString" value="" />
          <Option name="properties" />
          <Option name="type" type="QString" value="collection" />
          </Option>
        </data_defined_properties>
      </layer>
    <layer class="MarkerLine" enabled="1" locked="0" pass="0">
        <prop k="interval" v="3.75" />
      <prop k="interval_map_unit_scale" v="3x:0,0,0,0,0,0" />
      <prop k="interval_unit" v="MM" />
      <prop k="offset" v="0" />
      <prop k="offset_along_line" v="0" />
      <prop k="offset_along_line_map_unit_scale" v="3x:0,0,0,0,0,0" />
      <prop k="offset_along_line_unit" v="MM" />
      <prop k="offset_map_unit_scale" v="3x:0,0,0,0,0,0" />
      <prop k="offset_unit" v="MM" />
      <prop k="placement" v="interval" />
      <prop k="ring_filter" v="0" />
      <prop k="rotate" v="1" />
      <data_defined_properties>
          <Option type="Map">
            <Option name="name" type="QString" value="" />
          <Option name="properties" />
          <Option name="type" type="QString" value="collection" />
          </Option>
        </data_defined_properties>
      <symbol alpha="1" clip_to_extent="1" force_rhr="0" name="@fgdc-25.84@1" type="marker">
          <layer class="SimpleMarker" enabled="1" locked="0" pass="0">
            <prop k="angle" v="0" />
          <prop k="color" v="255,0,0,255" />
          <prop k="horizontal_anchor_point" v="0" />
          <prop k="joinstyle" v="bevel" />
          <prop k="name" v="line" />
          <prop k="offset" v="0,0" />
          <prop k="offset_map_unit_scale" v="3x:0,0,0,0,0,0" />
          <prop k="offset_unit" v="MM" />
          <prop k="outline_color" v="35,35,35,255" />
          <prop k="outline_style" v="solid" />
          <prop k="outline_width" v="0.25" />
          <prop k="outline_width_map_unit_scale" v="3x:0,0,0,0,0,0" />
          <prop k="outline_width_unit" v="MM" />
          <prop k="scale_method" v="diameter" />
          <prop k="size" v="0.625" />
          <prop k="size_map_unit_scale" v="3x:0,0,0,0,0,0" />
          <prop k="size_unit" v="MM" />
          <prop k="vertical_anchor_point" v="2" />
          <data_defined_properties>
              <Option type="Map">
                <Option name="name" type="QString" value="" />
              <Option name="properties" />
              <Option name="type" type="QString" value="collection" />
              </Option>
            </data_defined_properties>
          </layer>
        </symbol>
      </layer>
    </symbol>
  <symbol alpha="1" clip_to_extent="1" favorite="1" force_rhr="0" name="fgdc-25.10" tags="fgdc,geology" type="line">
      <layer class="SimpleLine" enabled="1" locked="0" pass="0">
        <prop k="capstyle" v="square" />
      <prop k="customdash" v="3.5;0.75" />
      <prop k="customdash_map_unit_scale" v="3x:0,0,0,0,0,0" />
      <prop k="customdash_unit" v="MM" />
      <prop k="draw_inside_polygon" v="0" />
      <prop k="joinstyle" v="bevel" />
      <prop k="line_color" v="35,35,35,255" />
      <prop k="line_style" v="solid" />
      <prop k="line_width" v="0.375" />
      <prop k="line_width_unit" v="MM" />
      <prop k="offset" v="0" />
      <prop k="offset_map_unit_scale" v="3x:0,0,0,0,0,0" />
      <prop k="offset_unit" v="MM" />
      <prop k="ring_filter" v="0" />
      <prop k="use_custom_dash" v="1" />
      <prop k="width_map_unit_scale" v="3x:0,0,0,0,0,0" />
      <data_defined_properties>
          <Option type="Map">
            <Option name="name" type="QString" value="" />
          <Option name="properties" />
          <Option name="type" type="QString" value="collection" />
          </Option>
        </data_defined_properties>
      </layer>
    <layer class="MarkerLine" enabled="1" locked="0" pass="0">
        <prop k="interval" v="3" />
      <prop k="interval_map_unit_scale" v="3x:0,0,0,0,0,0" />
      <prop k="interval_unit" v="MM" />
      <prop k="offset" v="0" />
      <prop k="offset_along_line" v="0" />
      <prop k="offset_along_line_map_unit_scale" v="3x:0,0,0,0,0,0" />
      <prop k="offset_along_line_unit" v="MM" />
      <prop k="offset_map_unit_scale" v="3x:0,0,0,0,0,0" />
      <prop k="offset_unit" v="MM" />
      <prop k="placement" v="centralpoint" />
      <prop k="ring_filter" v="0" />
      <prop k="rotate" v="1" />
      <data_defined_properties>
          <Option type="Map">
            <Option name="name" type="QString" value="" />
          <Option name="properties" />
          <Option name="type" type="QString" value="collection" />
          </Option>
        </data_defined_properties>
      <symbol alpha="1" clip_to_extent="1" force_rhr="0" name="@fgdc-25.10@1" type="marker">
          <layer class="SimpleMarker" enabled="1" locked="0" pass="0">
            <prop k="angle" v="0" />
          <prop k="color" v="0,0,0,255" />
          <prop k="horizontal_anchor_point" v="1" />
          <prop k="joinstyle" v="bevel" />
          <prop k="name" v="circle" />
          <prop k="offset" v="0,-1.75" />
          <prop k="offset_map_unit_scale" v="3x:0,0,0,0,0,0" />
          <prop k="offset_unit" v="MM" />
          <prop k="outline_color" v="35,35,35,255" />
          <prop k="outline_style" v="solid" />
          <prop k="outline_width" v="0" />
          <prop k="outline_width_map_unit_scale" v="3x:0,0,0,0,0,0" />
          <prop k="outline_width_unit" v="MM" />
          <prop k="scale_method" v="diameter" />
          <prop k="size" v="0.875" />
          <prop k="size_map_unit_scale" v="3x:0,0,0,0,0,0" />
          <prop k="size_unit" v="MM" />
          <prop k="vertical_anchor_point" v="1" />
          <data_defined_properties>
              <Option type="Map">
                <Option name="name" type="QString" value="" />
              <Option name="properties" />
              <Option name="type" type="QString" value="collection" />
              </Option>
            </data_defined_properties>
          </layer>
        <layer class="SimpleMarker" enabled="1" locked="0" pass="0">
            <prop k="angle" v="0" />
          <prop k="color" v="255,0,0,255" />
          <prop k="horizontal_anchor_point" v="1" />
          <prop k="joinstyle" v="bevel" />
          <prop k="name" v="line" />
          <prop k="offset" v="0,0" />
          <prop k="offset_map_unit_scale" v="3x:0,0,0,0,0,0" />
          <prop k="offset_unit" v="MM" />
          <prop k="outline_color" v="35,35,35,255" />
          <prop k="outline_style" v="solid" />
          <prop k="outline_width" v="0.175" />
          <prop k="outline_width_map_unit_scale" v="3x:0,0,0,0,0,0" />
          <prop k="outline_width_unit" v="MM" />
          <prop k="scale_method" v="diameter" />
          <prop k="size" v="1.75" />
          <prop k="size_map_unit_scale" v="3x:0,0,0,0,0,0" />
          <prop k="size_unit" v="MM" />
          <prop k="vertical_anchor_point" v="2" />
          <data_defined_properties>
              <Option type="Map">
                <Option name="name" type="QString" value="" />
              <Option name="properties" />
              <Option name="type" type="QString" value="collection" />
              </Option>
            </data_defined_properties>
          </layer>
        </symbol>
      </layer>
    </symbol>
  <symbol alpha="1" clip_to_extent="1" force_rhr="0" name="25.005: Fault, planetary, sense of offset unspecified - Location accurate" tags="fgdc,geology" type="line">
      <layer class="SimpleLine" enabled="1" locked="0" pass="0">
        <prop k="capstyle" v="square" />
      <prop k="customdash" v="5;2" />
      <prop k="customdash_map_unit_scale" v="3x:0,0,0,0,0,0" />
      <prop k="customdash_unit" v="MM" />
      <prop k="draw_inside_polygon" v="0" />
      <prop k="joinstyle" v="bevel" />
      <prop k="line_color" v="0,0,0,255" />
      <prop k="line_style" v="solid" />
      <prop k="line_width" v="0.375" />
      <prop k="line_width_unit" v="MM" />
      <prop k="offset" v="0" />
      <prop k="offset_map_unit_scale" v="3x:0,0,0,0,0,0" />
      <prop k="offset_unit" v="MM" />
      <prop k="ring_filter" v="0" />
      <prop k="use_custom_dash" v="0" />
      <prop k="width_map_unit_scale" v="3x:0,0,0,0,0,0" />
      <data_defined_properties>
          <Option type="Map">
            <Option name="name" type="QString" value="" />
          <Option name="properties" />
          <Option name="type" type="QString" value="collection" />
          </Option>
        </data_defined_properties>
      </layer>
    </symbol>
  <symbol alpha="1" clip_to_extent="1" force_rhr="0" name="fgdc-25.074" tags="fgdc,geology" type="line">
      <layer class="MarkerLine" enabled="1" locked="0" pass="0">
        <prop k="interval" v="3" />
      <prop k="interval_map_unit_scale" v="3x:0,0,0,0,0,0" />
      <prop k="interval_unit" v="MM" />
      <prop k="offset" v="0" />
      <prop k="offset_along_line" v="0" />
      <prop k="offset_along_line_map_unit_scale" v="3x:0,0,0,0,0,0" />
      <prop k="offset_along_line_unit" v="MM" />
      <prop k="offset_map_unit_scale" v="3x:0,0,0,0,0,0" />
      <prop k="offset_unit" v="MM" />
      <prop k="placement" v="centralpoint" />
      <prop k="ring_filter" v="0" />
      <prop k="rotate" v="1" />
      <data_defined_properties>
          <Option type="Map">
            <Option name="name" type="QString" value="" />
          <Option name="properties" />
          <Option name="type" type="QString" value="collection" />
          </Option>
        </data_defined_properties>
      <symbol alpha="1" clip_to_extent="1" force_rhr="0" name="@fgdc-25.074@0" type="marker">
          <layer class="SimpleMarker" enabled="1" locked="0" pass="0">
            <prop k="angle" v="180" />
          <prop k="color" v="0,0,0,255" />
          <prop k="horizontal_anchor_point" v="1" />
          <prop k="joinstyle" v="bevel" />
          <prop k="name" v="equilateral_triangle" />
          <prop k="offset" v="0,0" />
          <prop k="offset_map_unit_scale" v="3x:0,0,0,0,0,0" />
          <prop k="offset_unit" v="MM" />
          <prop k="outline_color" v="35,35,35,255" />
          <prop k="outline_style" v="solid" />
          <prop k="outline_width" v="0" />
          <prop k="outline_width_map_unit_scale" v="3x:0,0,0,0,0,0" />
          <prop k="outline_width_unit" v="MM" />
          <prop k="scale_method" v="diameter" />
          <prop k="size" v="1.5" />
          <prop k="size_map_unit_scale" v="3x:0,0,0,0,0,0" />
          <prop k="size_unit" v="MM" />
          <prop k="vertical_anchor_point" v="0" />
          <data_defined_properties>
              <Option type="Map">
                <Option name="name" type="QString" value="" />
              <Option name="properties" />
              <Option name="type" type="QString" value="collection" />
              </Option>
            </data_defined_properties>
          </layer>
        </symbol>
      </layer>
    <layer class="SimpleLine" enabled="1" locked="0" pass="0">
        <prop k="capstyle" v="square" />
      <prop k="customdash" v="5;2" />
      <prop k="customdash_map_unit_scale" v="3x:0,0,0,0,0,0" />
      <prop k="customdash_unit" v="MM" />
      <prop k="draw_inside_polygon" v="0" />
      <prop k="joinstyle" v="bevel" />
      <prop k="line_color" v="35,35,35,255" />
      <prop k="line_style" v="solid" />
      <prop k="line_width" v="0.25" />
      <prop k="line_width_unit" v="MM" />
      <prop k="offset" v="0" />
      <prop k="offset_map_unit_scale" v="3x:0,0,0,0,0,0" />
      <prop k="offset_unit" v="MM" />
      <prop k="ring_filter" v="0" />
      <prop k="use_custom_dash" v="0" />
      <prop k="width_map_unit_scale" v="3x:0,0,0,0,0,0" />
      <data_defined_properties>
          <Option type="Map">
            <Option name="name" type="QString" value="" />
          <Option name="properties" />
          <Option name="type" type="QString" value="collection" />
          </Option>
        </data_defined_properties>
      </layer>
    </symbol>
  <symbol alpha="1" clip_to_extent="1" favorite="1" force_rhr="0" name="25.009: Normal fault, planetary - Location accurate. Ball and bar on downthrown block" tags="fgdc,geology" type="line">
      <layer class="SimpleLine" enabled="1" locked="0" pass="0">
        <prop k="capstyle" v="square" />
      <prop k="customdash" v="5;2" />
      <prop k="customdash_map_unit_scale" v="3x:0,0,0,0,0,0" />
      <prop k="customdash_unit" v="MM" />
      <prop k="draw_inside_polygon" v="0" />
      <prop k="joinstyle" v="bevel" />
      <prop k="line_color" v="35,35,35,255" />
      <prop k="line_style" v="solid" />
      <prop k="line_width" v="0.375" />
      <prop k="line_width_unit" v="MM" />
      <prop k="offset" v="0" />
      <prop k="offset_map_unit_scale" v="3x:0,0,0,0,0,0" />
      <prop k="offset_unit" v="MM" />
      <prop k="ring_filter" v="0" />
      <prop k="use_custom_dash" v="0" />
      <prop k="width_map_unit_scale" v="3x:0,0,0,0,0,0" />
      <data_defined_properties>
          <Option type="Map">
            <Option name="name" type="QString" value="" />
          <Option name="properties" />
          <Option name="type" type="QString" value="collection" />
          </Option>
        </data_defined_properties>
      </layer>
    <layer class="MarkerLine" enabled="1" locked="0" pass="0">
        <prop k="interval" v="3" />
      <prop k="interval_map_unit_scale" v="3x:0,0,0,0,0,0" />
      <prop k="interval_unit" v="MM" />
      <prop k="offset" v="0" />
      <prop k="offset_along_line" v="0" />
      <prop k="offset_along_line_map_unit_scale" v="3x:0,0,0,0,0,0" />
      <prop k="offset_along_line_unit" v="MM" />
      <prop k="offset_map_unit_scale" v="3x:0,0,0,0,0,0" />
      <prop k="offset_unit" v="MM" />
      <prop k="placement" v="centralpoint" />
      <prop k="ring_filter" v="0" />
      <prop k="rotate" v="1" />
      <data_defined_properties>
          <Option type="Map">
            <Option name="name" type="QString" value="" />
          <Option name="properties" />
          <Option name="type" type="QString" value="collection" />
          </Option>
        </data_defined_properties>
      <symbol alpha="1" clip_to_extent="1" force_rhr="0" name="@fgdc-25.9@1" type="marker">
          <layer class="SimpleMarker" enabled="1" locked="0" pass="0">
            <prop k="angle" v="0" />
          <prop k="color" v="0,0,0,255" />
          <prop k="horizontal_anchor_point" v="1" />
          <prop k="joinstyle" v="bevel" />
          <prop k="name" v="circle" />
          <prop k="offset" v="0,-1.75" />
          <prop k="offset_map_unit_scale" v="3x:0,0,0,0,0,0" />
          <prop k="offset_unit" v="MM" />
          <prop k="outline_color" v="35,35,35,255" />
          <prop k="outline_style" v="solid" />
          <prop k="outline_width" v="0" />
          <prop k="outline_width_map_unit_scale" v="3x:0,0,0,0,0,0" />
          <prop k="outline_width_unit" v="MM" />
          <prop k="scale_method" v="diameter" />
          <prop k="size" v="0.875" />
          <prop k="size_map_unit_scale" v="3x:0,0,0,0,0,0" />
          <prop k="size_unit" v="MM" />
          <prop k="vertical_anchor_point" v="1" />
          <data_defined_properties>
              <Option type="Map">
                <Option name="name" type="QString" value="" />
              <Option name="properties" />
              <Option name="type" type="QString" value="collection" />
              </Option>
            </data_defined_properties>
          </layer>
        <layer class="SimpleMarker" enabled="1" locked="0" pass="0">
            <prop k="angle" v="0" />
          <prop k="color" v="255,0,0,255" />
          <prop k="horizontal_anchor_point" v="1" />
          <prop k="joinstyle" v="bevel" />
          <prop k="name" v="line" />
          <prop k="offset" v="0,0" />
          <prop k="offset_map_unit_scale" v="3x:0,0,0,0,0,0" />
          <prop k="offset_unit" v="MM" />
          <prop k="outline_color" v="35,35,35,255" />
          <prop k="outline_style" v="solid" />
          <prop k="outline_width" v="0.175" />
          <prop k="outline_width_map_unit_scale" v="3x:0,0,0,0,0,0" />
          <prop k="outline_width_unit" v="MM" />
          <prop k="scale_method" v="diameter" />
          <prop k="size" v="1.75" />
          <prop k="size_map_unit_scale" v="3x:0,0,0,0,0,0" />
          <prop k="size_unit" v="MM" />
          <prop k="vertical_anchor_point" v="2" />
          <data_defined_properties>
              <Option type="Map">
                <Option name="name" type="QString" value="" />
              <Option name="properties" />
              <Option name="type" type="QString" value="collection" />
              </Option>
            </data_defined_properties>
          </layer>
        </symbol>
      </layer>
    </symbol>
  <symbol alpha="1" clip_to_extent="1" force_rhr="0" name="fgdc-25.118" tags="fgdc,geology" type="fill">
      <layer class="SVGFill" enabled="1" locked="0" pass="0">
        <prop k="angle" v="0" />
      <prop k="color" v="0,0,255,255" />
      <prop k="outline_color" v="35,35,35,255" />
      <prop k="outline_width" v="0.26" />
      <prop k="outline_width_map_unit_scale" v="3x:0,0,0,0,0,0" />
      <prop k="outline_width_unit" v="MM" />
      <prop k="pattern_width_map_unit_scale" v="3x:0,0,0,0,0,0" />
      <prop k="pattern_width_unit" v="MM" />
      <prop k="svgFile" v="patterns/fgdc/fgdc-25.118.svg" />
      <prop k="svg_outline_width_map_unit_scale" v="3x:0,0,0,0,0,0" />
      <prop k="svg_outline_width_unit" v="MM" />
      <prop k="width" v="20" />
      <data_defined_properties>
          <Option type="Map">
            <Option name="name" type="QString" value="" />
          <Option name="properties" />
          <Option name="type" type="QString" value="collection" />
          </Option>
        </data_defined_properties>
      <symbol alpha="1" clip_to_extent="1" force_rhr="0" name="@fgdc-25.118@0" type="line">
          <layer class="SimpleLine" enabled="1" locked="0" pass="0">
            <prop k="capstyle" v="square" />
          <prop k="customdash" v="5;2" />
          <prop k="customdash_map_unit_scale" v="3x:0,0,0,0,0,0" />
          <prop k="customdash_unit" v="MM" />
          <prop k="draw_inside_polygon" v="0" />
          <prop k="joinstyle" v="bevel" />
          <prop k="line_color" v="35,35,35,255" />
          <prop k="line_style" v="solid" />
          <prop k="line_width" v="0.26" />
          <prop k="line_width_unit" v="MM" />
          <prop k="offset" v="0" />
          <prop k="offset_map_unit_scale" v="3x:0,0,0,0,0,0" />
          <prop k="offset_unit" v="MM" />
          <prop k="ring_filter" v="0" />
          <prop k="use_custom_dash" v="0" />
          <prop k="width_map_unit_scale" v="3x:0,0,0,0,0,0" />
          <data_defined_properties>
              <Option type="Map">
                <Option name="name" type="QString" value="" />
              <Option name="properties" />
              <Option name="type" type="QString" value="collection" />
              </Option>
            </data_defined_properties>
          </layer>
        </symbol>
      </layer>
    </symbol>
  <symbol alpha="1" clip_to_extent="1" force_rhr="0" name="25.001: Contact, planetary - Location accurate" tags="fgdc,geology" type="line">
      <layer class="SimpleLine" enabled="1" locked="0" pass="0">
        <prop k="capstyle" v="square" />
      <prop k="customdash" v="5;2" />
      <prop k="customdash_map_unit_scale" v="3x:0,0,0,0,0,0" />
      <prop k="customdash_unit" v="MM" />
      <prop k="draw_inside_polygon" v="0" />
      <prop k="joinstyle" v="bevel" />
      <prop k="line_color" v="0,0,0,255" />
      <prop k="line_style" v="solid" />
      <prop k="line_width" v="0.15" />
      <prop k="line_width_unit" v="MM" />
      <prop k="offset" v="0" />
      <prop k="offset_map_unit_scale" v="3x:0,0,0,0,0,0" />
      <prop k="offset_unit" v="MM" />
      <prop k="ring_filter" v="0" />
      <prop k="use_custom_dash" v="0" />
      <prop k="width_map_unit_scale" v="3x:0,0,0,0,0,0" />
      <data_defined_properties>
          <Option type="Map">
            <Option name="name" type="QString" value="" />
          <Option name="properties" />
          <Option name="type" type="QString" value="collection" />
          </Option>
        </data_defined_properties>
      </layer>
    </symbol>
  <symbol alpha="1" clip_to_extent="1" favorite="1" force_rhr="0" name="fgdc-25.11" tags="fgdc,geology" type="line">
      <layer class="SimpleLine" enabled="1" locked="0" pass="0">
        <prop k="capstyle" v="square" />
      <prop k="customdash" v="1.5;0.75" />
      <prop k="customdash_map_unit_scale" v="3x:0,0,0,0,0,0" />
      <prop k="customdash_unit" v="MM" />
      <prop k="draw_inside_polygon" v="0" />
      <prop k="joinstyle" v="bevel" />
      <prop k="line_color" v="35,35,35,255" />
      <prop k="line_style" v="solid" />
      <prop k="line_width" v="0.375" />
      <prop k="line_width_unit" v="MM" />
      <prop k="offset" v="0" />
      <prop k="offset_map_unit_scale" v="3x:0,0,0,0,0,0" />
      <prop k="offset_unit" v="MM" />
      <prop k="ring_filter" v="0" />
      <prop k="use_custom_dash" v="1" />
      <prop k="width_map_unit_scale" v="3x:0,0,0,0,0,0" />
      <data_defined_properties>
          <Option type="Map">
            <Option name="name" type="QString" value="" />
          <Option name="properties" />
          <Option name="type" type="QString" value="collection" />
          </Option>
        </data_defined_properties>
      </layer>
    <layer class="MarkerLine" enabled="1" locked="0" pass="0">
        <prop k="interval" v="3" />
      <prop k="interval_map_unit_scale" v="3x:0,0,0,0,0,0" />
      <prop k="interval_unit" v="MM" />
      <prop k="offset" v="0" />
      <prop k="offset_along_line" v="0" />
      <prop k="offset_along_line_map_unit_scale" v="3x:0,0,0,0,0,0" />
      <prop k="offset_along_line_unit" v="MM" />
      <prop k="offset_map_unit_scale" v="3x:0,0,0,0,0,0" />
      <prop k="offset_unit" v="MM" />
      <prop k="placement" v="centralpoint" />
      <prop k="ring_filter" v="0" />
      <prop k="rotate" v="1" />
      <data_defined_properties>
          <Option type="Map">
            <Option name="name" type="QString" value="" />
          <Option name="properties" />
          <Option name="type" type="QString" value="collection" />
          </Option>
        </data_defined_properties>
      <symbol alpha="1" clip_to_extent="1" force_rhr="0" name="@fgdc-25.11@1" type="marker">
          <layer class="SimpleMarker" enabled="1" locked="0" pass="0">
            <prop k="angle" v="0" />
          <prop k="color" v="0,0,0,255" />
          <prop k="horizontal_anchor_point" v="1" />
          <prop k="joinstyle" v="bevel" />
          <prop k="name" v="circle" />
          <prop k="offset" v="0,-1.75" />
          <prop k="offset_map_unit_scale" v="3x:0,0,0,0,0,0" />
          <prop k="offset_unit" v="MM" />
          <prop k="outline_color" v="35,35,35,255" />
          <prop k="outline_style" v="solid" />
          <prop k="outline_width" v="0" />
          <prop k="outline_width_map_unit_scale" v="3x:0,0,0,0,0,0" />
          <prop k="outline_width_unit" v="MM" />
          <prop k="scale_method" v="diameter" />
          <prop k="size" v="0.875" />
          <prop k="size_map_unit_scale" v="3x:0,0,0,0,0,0" />
          <prop k="size_unit" v="MM" />
          <prop k="vertical_anchor_point" v="1" />
          <data_defined_properties>
              <Option type="Map">
                <Option name="name" type="QString" value="" />
              <Option name="properties" />
              <Option name="type" type="QString" value="collection" />
              </Option>
            </data_defined_properties>
          </layer>
        <layer class="SimpleMarker" enabled="1" locked="0" pass="0">
            <prop k="angle" v="0" />
          <prop k="color" v="255,0,0,255" />
          <prop k="horizontal_anchor_point" v="1" />
          <prop k="joinstyle" v="bevel" />
          <prop k="name" v="line" />
          <prop k="offset" v="0,0" />
          <prop k="offset_map_unit_scale" v="3x:0,0,0,0,0,0" />
          <prop k="offset_unit" v="MM" />
          <prop k="outline_color" v="35,35,35,255" />
          <prop k="outline_style" v="solid" />
          <prop k="outline_width" v="0.175" />
          <prop k="outline_width_map_unit_scale" v="3x:0,0,0,0,0,0" />
          <prop k="outline_width_unit" v="MM" />
          <prop k="scale_method" v="diameter" />
          <prop k="size" v="1.75" />
          <prop k="size_map_unit_scale" v="3x:0,0,0,0,0,0" />
          <prop k="size_unit" v="MM" />
          <prop k="vertical_anchor_point" v="2" />
          <data_defined_properties>
              <Option type="Map">
                <Option name="name" type="QString" value="" />
              <Option name="properties" />
              <Option name="type" type="QString" value="collection" />
              </Option>
            </data_defined_properties>
          </layer>
        </symbol>
      </layer>
    </symbol>
  <symbol alpha="1" clip_to_extent="1" force_rhr="0" name="fgdc-25.34" tags="fgdc,geology" type="line">
      <layer class="SimpleLine" enabled="1" locked="0" pass="0">
        <prop k="capstyle" v="square" />
      <prop k="customdash" v="5;2" />
      <prop k="customdash_map_unit_scale" v="3x:0,0,0,0,0,0" />
      <prop k="customdash_unit" v="MM" />
      <prop k="draw_inside_polygon" v="0" />
      <prop k="joinstyle" v="bevel" />
      <prop k="line_color" v="146,40,152,255" />
      <prop k="line_style" v="solid" />
      <prop k="line_width" v="0.325" />
      <prop k="line_width_unit" v="MM" />
      <prop k="offset" v="0" />
      <prop k="offset_map_unit_scale" v="3x:0,0,0,0,0,0" />
      <prop k="offset_unit" v="MM" />
      <prop k="ring_filter" v="0" />
      <prop k="use_custom_dash" v="0" />
      <prop k="width_map_unit_scale" v="3x:0,0,0,0,0,0" />
      <data_defined_properties>
          <Option type="Map">
            <Option name="name" type="QString" value="" />
          <Option name="properties" />
          <Option name="type" type="QString" value="collection" />
          </Option>
        </data_defined_properties>
      </layer>
    </symbol>
  <symbol alpha="1" clip_to_extent="1" force_rhr="0" name="25.002: Contact, planetary - Location approximate" tags="fgdc,geology" type="line">
      <layer class="SimpleLine" enabled="1" locked="0" pass="0">
        <prop k="capstyle" v="square" />
      <prop k="customdash" v="3.5;0.75" />
      <prop k="customdash_map_unit_scale" v="3x:0,0,0,0,0,0" />
      <prop k="customdash_unit" v="MM" />
      <prop k="draw_inside_polygon" v="0" />
      <prop k="joinstyle" v="bevel" />
      <prop k="line_color" v="0,0,0,255" />
      <prop k="line_style" v="dash" />
      <prop k="line_width" v="0.15" />
      <prop k="line_width_unit" v="MM" />
      <prop k="offset" v="0" />
      <prop k="offset_map_unit_scale" v="3x:0,0,0,0,0,0" />
      <prop k="offset_unit" v="MM" />
      <prop k="ring_filter" v="0" />
      <prop k="use_custom_dash" v="1" />
      <prop k="width_map_unit_scale" v="3x:0,0,0,0,0,0" />
      <data_defined_properties>
          <Option type="Map">
            <Option name="name" type="QString" value="" />
          <Option name="properties" />
          <Option name="type" type="QString" value="collection" />
          </Option>
        </data_defined_properties>
      </layer>
    </symbol>
  <symbol alpha="1" clip_to_extent="1" force_rhr="0" name="25.004: Contact, planetary - Location concealed" tags="fgdc,geology" type="line">
      <layer class="SimpleLine" enabled="1" locked="0" pass="0">
        <prop k="capstyle" v="square" />
      <prop k="customdash" v="0.5;0.75" />
      <prop k="customdash_map_unit_scale" v="3x:0,0,0,0,0,0" />
      <prop k="customdash_unit" v="MM" />
      <prop k="draw_inside_polygon" v="0" />
      <prop k="joinstyle" v="bevel" />
      <prop k="line_color" v="0,0,0,255" />
      <prop k="line_style" v="dash" />
      <prop k="line_width" v="0.15" />
      <prop k="line_width_unit" v="MM" />
      <prop k="offset" v="0" />
      <prop k="offset_map_unit_scale" v="3x:0,0,0,0,0,0" />
      <prop k="offset_unit" v="MM" />
      <prop k="ring_filter" v="0" />
      <prop k="use_custom_dash" v="1" />
      <prop k="width_map_unit_scale" v="3x:0,0,0,0,0,0" />
      <data_defined_properties>
          <Option type="Map">
            <Option name="name" type="QString" value="" />
          <Option name="properties" />
          <Option name="type" type="QString" value="collection" />
          </Option>
        </data_defined_properties>
      </layer>
    </symbol>
  <symbol alpha="1" clip_to_extent="1" force_rhr="0" name="fgdc-30.1.001" tags="fgdc,geology" type="line">
      <layer class="SimpleLine" enabled="1" locked="0" pass="0">
        <prop k="capstyle" v="square" />
      <prop k="customdash" v="5;2" />
      <prop k="customdash_map_unit_scale" v="3x:0,0,0,0,0,0" />
      <prop k="customdash_unit" v="MM" />
      <prop k="draw_inside_polygon" v="0" />
      <prop k="joinstyle" v="bevel" />
      <prop k="line_color" v="168,74,9,255" />
      <prop k="line_style" v="solid" />
      <prop k="line_width" v="0.25" />
      <prop k="line_width_unit" v="MM" />
      <prop k="offset" v="0" />
      <prop k="offset_map_unit_scale" v="3x:0,0,0,0,0,0" />
      <prop k="offset_unit" v="MM" />
      <prop k="ring_filter" v="0" />
      <prop k="use_custom_dash" v="0" />
      <prop k="width_map_unit_scale" v="3x:0,0,0,0,0,0" />
      <data_defined_properties>
          <Option type="Map">
            <Option name="name" type="QString" value="" />
          <Option name="properties" />
          <Option name="type" type="QString" value="collection" />
          </Option>
        </data_defined_properties>
      </layer>
    </symbol>
  <symbol alpha="1" clip_to_extent="1" force_rhr="0" name="25.008: Fault, planetary, sense of offset unspecified - location concealed" tags="fgdc,geology" type="line">
      <layer class="SimpleLine" enabled="1" locked="0" pass="0">
        <prop k="capstyle" v="square" />
      <prop k="customdash" v="0.5;0.75" />
      <prop k="customdash_map_unit_scale" v="3x:0,0,0,0,0,0" />
      <prop k="customdash_unit" v="MM" />
      <prop k="draw_inside_polygon" v="0" />
      <prop k="joinstyle" v="bevel" />
      <prop k="line_color" v="0,0,0,255" />
      <prop k="line_style" v="dash" />
      <prop k="line_width" v="0.375" />
      <prop k="line_width_unit" v="MM" />
      <prop k="offset" v="0" />
      <prop k="offset_map_unit_scale" v="3x:0,0,0,0,0,0" />
      <prop k="offset_unit" v="MM" />
      <prop k="ring_filter" v="0" />
      <prop k="use_custom_dash" v="1" />
      <prop k="width_map_unit_scale" v="3x:0,0,0,0,0,0" />
      <data_defined_properties>
          <Option type="Map">
            <Option name="name" type="QString" value="" />
          <Option name="properties" />
          <Option name="type" type="QString" value="collection" />
          </Option>
        </data_defined_properties>
      </layer>
    </symbol>
  <symbol alpha="1" clip_to_extent="1" favorite="1" force_rhr="0" name="fgdc-25.12" tags="fgdc,geology" type="line">
      <layer class="SimpleLine" enabled="1" locked="0" pass="0">
        <prop k="capstyle" v="square" />
      <prop k="customdash" v="0.5;0.75" />
      <prop k="customdash_map_unit_scale" v="3x:0,0,0,0,0,0" />
      <prop k="customdash_unit" v="MM" />
      <prop k="draw_inside_polygon" v="0" />
      <prop k="joinstyle" v="bevel" />
      <prop k="line_color" v="35,35,35,255" />
      <prop k="line_style" v="solid" />
      <prop k="line_width" v="0.375" />
      <prop k="line_width_unit" v="MM" />
      <prop k="offset" v="0" />
      <prop k="offset_map_unit_scale" v="3x:0,0,0,0,0,0" />
      <prop k="offset_unit" v="MM" />
      <prop k="ring_filter" v="0" />
      <prop k="use_custom_dash" v="1" />
      <prop k="width_map_unit_scale" v="3x:0,0,0,0,0,0" />
      <data_defined_properties>
          <Option type="Map">
            <Option name="name" type="QString" value="" />
          <Option name="properties" />
          <Option name="type" type="QString" value="collection" />
          </Option>
        </data_defined_properties>
      </layer>
    <layer class="MarkerLine" enabled="1" locked="0" pass="0">
        <prop k="interval" v="3" />
      <prop k="interval_map_unit_scale" v="3x:0,0,0,0,0,0" />
      <prop k="interval_unit" v="MM" />
      <prop k="offset" v="0" />
      <prop k="offset_along_line" v="0" />
      <prop k="offset_along_line_map_unit_scale" v="3x:0,0,0,0,0,0" />
      <prop k="offset_along_line_unit" v="MM" />
      <prop k="offset_map_unit_scale" v="3x:0,0,0,0,0,0" />
      <prop k="offset_unit" v="MM" />
      <prop k="placement" v="centralpoint" />
      <prop k="ring_filter" v="0" />
      <prop k="rotate" v="1" />
      <data_defined_properties>
          <Option type="Map">
            <Option name="name" type="QString" value="" />
          <Option name="properties" />
          <Option name="type" type="QString" value="collection" />
          </Option>
        </data_defined_properties>
      <symbol alpha="1" clip_to_extent="1" force_rhr="0" name="@fgdc-25.12@1" type="marker">
          <layer class="SimpleMarker" enabled="1" locked="0" pass="0">
            <prop k="angle" v="0" />
          <prop k="color" v="0,0,0,255" />
          <prop k="horizontal_anchor_point" v="1" />
          <prop k="joinstyle" v="bevel" />
          <prop k="name" v="circle" />
          <prop k="offset" v="0,-1.75" />
          <prop k="offset_map_unit_scale" v="3x:0,0,0,0,0,0" />
          <prop k="offset_unit" v="MM" />
          <prop k="outline_color" v="35,35,35,255" />
          <prop k="outline_style" v="solid" />
          <prop k="outline_width" v="0" />
          <prop k="outline_width_map_unit_scale" v="3x:0,0,0,0,0,0" />
          <prop k="outline_width_unit" v="MM" />
          <prop k="scale_method" v="diameter" />
          <prop k="size" v="0.875" />
          <prop k="size_map_unit_scale" v="3x:0,0,0,0,0,0" />
          <prop k="size_unit" v="MM" />
          <prop k="vertical_anchor_point" v="1" />
          <data_defined_properties>
              <Option type="Map">
                <Option name="name" type="QString" value="" />
              <Option name="properties" />
              <Option name="type" type="QString" value="collection" />
              </Option>
            </data_defined_properties>
          </layer>
        <layer class="SimpleMarker" enabled="1" locked="0" pass="0">
            <prop k="angle" v="0" />
          <prop k="color" v="255,0,0,255" />
          <prop k="horizontal_anchor_point" v="1" />
          <prop k="joinstyle" v="bevel" />
          <prop k="name" v="line" />
          <prop k="offset" v="0,0" />
          <prop k="offset_map_unit_scale" v="3x:0,0,0,0,0,0" />
          <prop k="offset_unit" v="MM" />
          <prop k="outline_color" v="35,35,35,255" />
          <prop k="outline_style" v="solid" />
          <prop k="outline_width" v="0.175" />
          <prop k="outline_width_map_unit_scale" v="3x:0,0,0,0,0,0" />
          <prop k="outline_width_unit" v="MM" />
          <prop k="scale_method" v="diameter" />
          <prop k="size" v="1.75" />
          <prop k="size_map_unit_scale" v="3x:0,0,0,0,0,0" />
          <prop k="size_unit" v="MM" />
          <prop k="vertical_anchor_point" v="2" />
          <data_defined_properties>
              <Option type="Map">
                <Option name="name" type="QString" value="" />
              <Option name="properties" />
              <Option name="type" type="QString" value="collection" />
              </Option>
            </data_defined_properties>
          </layer>
        </symbol>
      </layer>
    </symbol>
  <symbol alpha="1" clip_to_extent="1" force_rhr="0" name="fgdc-25.117" tags="fgdc,geology" type="line">
      <layer class="MarkerLine" enabled="1" locked="0" pass="0">
        <prop k="interval" v="3" />
      <prop k="interval_map_unit_scale" v="3x:0,0,0,0,0,0" />
      <prop k="interval_unit" v="MM" />
      <prop k="offset" v="0" />
      <prop k="offset_along_line" v="0" />
      <prop k="offset_along_line_map_unit_scale" v="3x:0,0,0,0,0,0" />
      <prop k="offset_along_line_unit" v="MM" />
      <prop k="offset_map_unit_scale" v="3x:0,0,0,0,0,0" />
      <prop k="offset_unit" v="MM" />
      <prop k="placement" v="centralpoint" />
      <prop k="ring_filter" v="0" />
      <prop k="rotate" v="1" />
      <data_defined_properties>
          <Option type="Map">
            <Option name="name" type="QString" value="" />
          <Option name="properties" />
          <Option name="type" type="QString" value="collection" />
          </Option>
        </data_defined_properties>
      <symbol alpha="1" clip_to_extent="1" force_rhr="0" name="@fgdc-25.117@0" type="marker">
          <layer class="SvgMarker" enabled="1" locked="0" pass="0">
            <prop k="angle" v="0" />
          <prop k="color" v="255,0,0,255" />
          <prop k="fixedAspectRatio" v="0" />
          <prop k="horizontal_anchor_point" v="1" />
          <prop k="name" v="symbols/fgdc/fgdc-25.117_arrow.svg" />
          <prop k="offset" v="0,0" />
          <prop k="offset_map_unit_scale" v="3x:0,0,0,0,0,0" />
          <prop k="offset_unit" v="MM" />
          <prop k="outline_color" v="35,35,35,255" />
          <prop k="outline_width" v="0" />
          <prop k="outline_width_map_unit_scale" v="3x:0,0,0,0,0,0" />
          <prop k="outline_width_unit" v="MM" />
          <prop k="scale_method" v="diameter" />
          <prop k="size" v="8" />
          <prop k="size_map_unit_scale" v="3x:0,0,0,0,0,0" />
          <prop k="size_unit" v="MM" />
          <prop k="vertical_anchor_point" v="0" />
          <data_defined_properties>
              <Option type="Map">
                <Option name="name" type="QString" value="" />
              <Option name="properties" />
              <Option name="type" type="QString" value="collection" />
              </Option>
            </data_defined_properties>
          </layer>
        </symbol>
      </layer>
    <layer class="SimpleLine" enabled="1" locked="0" pass="0">
        <prop k="capstyle" v="square" />
      <prop k="customdash" v="5;2" />
      <prop k="customdash_map_unit_scale" v="3x:0,0,0,0,0,0" />
      <prop k="customdash_unit" v="MM" />
      <prop k="draw_inside_polygon" v="0" />
      <prop k="joinstyle" v="bevel" />
      <prop k="line_color" v="35,35,35,255" />
      <prop k="line_style" v="solid" />
      <prop k="line_width" v="0.26" />
      <prop k="line_width_unit" v="MM" />
      <prop k="offset" v="0" />
      <prop k="offset_map_unit_scale" v="3x:0,0,0,0,0,0" />
      <prop k="offset_unit" v="MM" />
      <prop k="ring_filter" v="0" />
      <prop k="use_custom_dash" v="0" />
      <prop k="width_map_unit_scale" v="3x:0,0,0,0,0,0" />
      <data_defined_properties>
          <Option type="Map">
            <Option name="name" type="QString" value="" />
          <Option name="properties" />
          <Option name="type" type="QString" value="collection" />
          </Option>
        </data_defined_properties>
      </layer>
    </symbol>
  <symbol alpha="1" clip_to_extent="1" force_rhr="0" name="fgdc-17.001" tags="fgdc,geology" type="line">
      <layer class="SimpleLine" enabled="1" locked="0" pass="0">
        <prop k="capstyle" v="square" />
      <prop k="customdash" v="5;2" />
      <prop k="customdash_map_unit_scale" v="3x:0,0,0,0,0,0" />
      <prop k="customdash_unit" v="MM" />
      <prop k="draw_inside_polygon" v="0" />
      <prop k="joinstyle" v="bevel" />
      <prop k="line_color" v="35,35,35,255" />
      <prop k="line_style" v="solid" />
      <prop k="line_width" v="0.2" />
      <prop k="line_width_unit" v="MM" />
      <prop k="offset" v="0" />
      <prop k="offset_map_unit_scale" v="3x:0,0,0,0,0,0" />
      <prop k="offset_unit" v="MM" />
      <prop k="ring_filter" v="0" />
      <prop k="use_custom_dash" v="0" />
      <prop k="width_map_unit_scale" v="3x:0,0,0,0,0,0" />
      <data_defined_properties>
          <Option type="Map">
            <Option name="name" type="QString" value="" />
          <Option name="properties" />
          <Option name="type" type="QString" value="collection" />
          </Option>
        </data_defined_properties>
      </layer>
    </symbol>
  <symbol alpha="1" clip_to_extent="1" force_rhr="0" name="fgdc-25.33" tags="fgdc,geology" type="line">
      <layer class="SimpleLine" enabled="1" locked="0" pass="0">
        <prop k="capstyle" v="square" />
      <prop k="customdash" v="5;2" />
      <prop k="customdash_map_unit_scale" v="3x:0,0,0,0,0,0" />
      <prop k="customdash_unit" v="MM" />
      <prop k="draw_inside_polygon" v="0" />
      <prop k="joinstyle" v="bevel" />
      <prop k="line_color" v="43,56,152,255" />
      <prop k="line_style" v="solid" />
      <prop k="line_width" v="0.325" />
      <prop k="line_width_unit" v="MM" />
      <prop k="offset" v="0" />
      <prop k="offset_map_unit_scale" v="3x:0,0,0,0,0,0" />
      <prop k="offset_unit" v="MM" />
      <prop k="ring_filter" v="0" />
      <prop k="use_custom_dash" v="0" />
      <prop k="width_map_unit_scale" v="3x:0,0,0,0,0,0" />
      <data_defined_properties>
          <Option type="Map">
            <Option name="name" type="QString" value="" />
          <Option name="properties" />
          <Option name="type" type="QString" value="collection" />
          </Option>
        </data_defined_properties>
      </layer>
    </symbol>
  <symbol alpha="1" clip_to_extent="1" force_rhr="0" name="25.007: Fault, planetary, sense of offset unspecified - Location inferred" tags="fgdc,geology" type="line">
      <layer class="SimpleLine" enabled="1" locked="0" pass="0">
        <prop k="capstyle" v="square" />
      <prop k="customdash" v="1.5;0.75" />
      <prop k="customdash_map_unit_scale" v="3x:0,0,0,0,0,0" />
      <prop k="customdash_unit" v="MM" />
      <prop k="draw_inside_polygon" v="0" />
      <prop k="joinstyle" v="bevel" />
      <prop k="line_color" v="0,0,0,255" />
      <prop k="line_style" v="dash" />
      <prop k="line_width" v="0.375" />
      <prop k="line_width_unit" v="MM" />
      <prop k="offset" v="0" />
      <prop k="offset_map_unit_scale" v="3x:0,0,0,0,0,0" />
      <prop k="offset_unit" v="MM" />
      <prop k="ring_filter" v="0" />
      <prop k="use_custom_dash" v="1" />
      <prop k="width_map_unit_scale" v="3x:0,0,0,0,0,0" />
      <data_defined_properties>
          <Option type="Map">
            <Option name="name" type="QString" value="" />
          <Option name="properties" />
          <Option name="type" type="QString" value="collection" />
          </Option>
        </data_defined_properties>
      </layer>
    </symbol>
  </symbols>
</qgis_style>
